City_ID,City,Lat,Lng,Max Temp,Humidity,Cloudiness,Wind Speed,Country,Date
0,Vaini,-21.2,-175.2,81.57,69,100,13.44,TO,2022-01-31 02:39:24
1,Upernavik,72.7868,-56.1549,-7.04,97,100,3.85,GL,2022-01-31 02:39:24
2,Busselton,-33.65,115.3333,74.08,37,99,16.28,AU,2022-01-31 02:39:24
3,Kirakira,-10.4544,161.9205,84.79,74,63,7.18,SB,2022-01-31 02:39:25
4,Rikitea,-23.1203,-134.9692,77.41,64,100,5.79,PF,2022-01-31 02:39:25
5,Longyearbyen,78.2186,15.6401,8.44,66,40,18.41,SJ,2022-01-31 02:39:26
6,Carauari,-4.8828,-66.8958,72.1,97,72,2.55,BR,2022-01-31 02:39:26
7,Mataura,-46.1927,168.8643,70.48,58,87,5.12,NZ,2022-01-31 02:39:27
8,Yulara,-25.2406,130.9889,78.64,83,100,14.97,AU,2022-01-31 02:39:27
9,New Norfolk,-42.7826,147.0587,85.87,26,0,3.0,AU,2022-01-31 02:36:32
10,Bandar-E Lengeh,26.5579,54.8807,60.91,72,0,6.91,IR,2022-01-31 02:39:28
11,Iqaluit,63.7506,-68.5145,-25.31,74,0,5.01,CA,2022-01-31 02:39:28
12,Arraial Do Cabo,-22.9661,-42.0278,74.66,96,100,8.48,BR,2022-01-31 02:39:29
13,Hermanus,-34.4187,19.2345,72.81,81,100,13.58,ZA,2022-01-31 02:39:30
14,Harrai,22.6167,79.2167,63.77,30,0,3.33,IN,2022-01-31 02:39:30
15,Bubaque,11.2833,-15.8333,77.38,73,55,12.53,GW,2022-01-31 02:39:30
16,Cape Town,-33.9258,18.4232,70.12,80,0,3.0,ZA,2022-01-31 02:39:31
17,Qaanaaq,77.484,-69.3632,-5.15,94,100,3.78,GL,2022-01-31 02:39:31
18,East London,-33.0153,27.9116,73.38,84,100,13.29,ZA,2022-01-31 02:35:29
19,Muros,42.7762,-9.0603,49.23,79,0,8.08,ES,2022-01-31 02:39:32
20,Port Alfred,-33.5906,26.891,72.66,89,100,13.09,ZA,2022-01-31 02:39:32
21,Saint-Philippe,-21.3585,55.7679,74.79,86,72,11.41,RE,2022-01-31 02:39:33
22,Sulangan,11.1373,123.7228,81.82,73,19,9.69,PH,2022-01-31 02:39:33
23,Atuona,-9.8,-139.0333,78.26,74,16,15.68,PF,2022-01-31 02:39:34
24,Codrington,-38.2667,141.9667,79.59,56,2,11.41,AU,2022-01-31 02:39:34
25,Mar Del Plata,-38.0023,-57.5575,66.22,77,100,18.01,AR,2022-01-31 02:39:02
26,Dakar,14.6937,-17.4441,70.68,80,100,21.3,SN,2022-01-31 02:39:35
27,Hithadhoo,-0.6,73.0833,82.13,71,6,11.65,MV,2022-01-31 02:39:35
28,Gafanha Da Encarnacao,40.6181,-8.733,45.28,53,40,3.42,PT,2022-01-31 02:39:36
29,Ranghulu,46.65,124.8667,5.9,81,11,4.36,CN,2022-01-31 02:39:36
30,Butaritari,3.0707,172.7902,81.9,76,67,19.73,KI,2022-01-31 02:39:37
31,Zhigansk,66.7697,123.3711,-30.1,98,96,0.2,RU,2022-01-31 02:39:37
32,Saint-Joseph,-21.3667,55.6167,73.78,83,48,11.74,RE,2022-01-31 02:39:38
33,Bredasdorp,-34.5322,20.0403,72.28,88,100,8.05,ZA,2022-01-31 02:39:38
34,Saskylakh,71.9167,114.0833,-24.25,100,92,2.82,RU,2022-01-31 02:39:39
35,Golynki,54.8696,31.3861,27.73,98,100,3.4,RU,2022-01-31 02:39:39
36,Severo-Kurilsk,50.6789,156.125,28.45,95,100,9.06,RU,2022-01-31 02:39:39
37,Port Hedland,-20.3167,118.5667,98.65,36,100,6.91,AU,2022-01-31 02:39:40
38,Dhidhdhoo,6.8833,73.1,81.32,77,22,9.84,MV,2022-01-31 02:39:40
39,Punta Arenas,-53.15,-70.9167,48.31,66,75,25.32,CL,2022-01-31 02:39:41
40,Lyubashivka,47.8372,30.2598,34.86,76,100,21.97,UA,2022-01-31 02:39:41
41,Lata,40.1629,-8.3327,39.61,55,36,3.47,PT,2022-01-31 02:39:42
42,Bonavista,48.6499,-53.1147,36.12,74,65,31.85,CA,2022-01-31 02:39:42
43,Ondarroa,43.3167,-2.4167,41.79,90,91,4.94,ES,2022-01-31 02:39:43
44,Jidong,45.2167,131.0833,8.46,76,13,5.77,CN,2022-01-31 02:40:43
45,Qinzhou,21.95,108.6167,48.65,86,100,14.9,CN,2022-01-31 02:40:44
46,Aksarka,66.5606,67.7975,-13.36,100,99,3.27,RU,2022-01-31 02:40:44
47,Rudbar,30.15,62.6,50.94,45,53,2.68,AF,2022-01-31 02:40:44
48,Cuamba,-14.8031,36.5372,65.66,97,15,1.12,MZ,2022-01-31 02:40:45
49,Hovd,48.0056,91.6419,-11.13,83,30,0.72,MN,2022-01-31 02:40:45
50,Boa Vista,2.8197,-60.6733,82.38,57,40,9.22,BR,2022-01-31 02:38:36
51,Le Port,-20.9373,55.2919,75.2,72,42,0.92,RE,2022-01-31 02:40:46
52,Hilo,19.7297,-155.09,75.25,74,25,3.0,US,2022-01-31 02:40:46
53,Bluff,-46.6,168.3333,70.81,83,93,2.62,NZ,2022-01-31 02:40:46
54,Darhan,49.4867,105.9228,-7.62,94,29,3.51,MN,2022-01-31 02:40:47
55,Khatanga,71.9667,102.5,-6.7,99,98,7.83,RU,2022-01-31 02:40:47
56,Talnakh,69.4865,88.3972,-16.22,93,80,9.15,RU,2022-01-31 02:40:48
57,Oistins,13.0667,-59.5333,77.09,83,40,17.27,BB,2022-01-31 02:40:48
58,Umba,66.6871,34.3429,-0.09,98,100,4.16,RU,2022-01-31 02:40:49
59,Thompson,55.7435,-97.8558,-2.04,84,0,3.44,CA,2022-01-31 02:40:49
60,Lebu,-37.6167,-73.65,56.97,75,0,20.33,CL,2022-01-31 02:40:49
61,Fortuna,40.5982,-124.1573,50.67,91,75,4.61,US,2022-01-31 02:40:50
62,Sao Filipe,14.8961,-24.4956,71.2,72,100,10.38,CV,2022-01-31 02:40:50
63,Tual,-5.6667,132.75,83.97,77,100,19.62,ID,2022-01-31 02:40:51
64,Tasiilaq,65.6145,-37.6368,-0.92,61,100,7.16,GL,2022-01-31 02:40:51
65,Comodoro Rivadavia,-45.8667,-67.5,51.66,43,0,4.61,AR,2022-01-31 02:40:51
66,Dikson,73.5069,80.5464,-4.72,94,100,22.39,RU,2022-01-31 02:40:52
67,Narsaq,60.9167,-46.05,18.27,90,100,16.91,GL,2022-01-31 02:40:52
68,Bemidji,47.4736,-94.8803,16.25,67,75,8.05,US,2022-01-31 02:40:53
69,Merauke,-8.4667,140.3333,85.64,66,100,9.66,ID,2022-01-31 02:40:53
70,Verkhoyansk,67.5447,133.385,-31.56,98,81,1.32,RU,2022-01-31 02:40:54
71,Marsh Harbour,26.5412,-77.0636,63.14,61,87,9.84,BS,2022-01-31 02:40:54
72,Hobyo,5.3505,48.5268,75.92,82,100,15.1,SO,2022-01-31 02:40:55
73,Terney,45.0503,136.6092,12.92,53,0,9.26,RU,2022-01-31 02:40:55
74,Castro,-24.7911,-50.0119,62.55,99,100,7.49,BR,2022-01-31 02:40:55
75,Abu Samrah,35.3029,37.1841,41.34,76,100,2.95,SY,2022-01-31 02:40:56
76,Pitanga,-24.7572,-51.7614,63.55,100,56,4.52,BR,2022-01-31 02:40:56
77,Kamenka,51.3223,42.7678,30.74,96,100,18.99,RU,2022-01-31 02:40:56
78,Aklavik,68.2191,-135.0107,4.03,89,100,7.16,CA,2022-01-31 02:40:57
79,Hobart,-42.8794,147.3294,86.22,61,20,3.0,AU,2022-01-31 02:40:57
80,Avarua,-21.2078,-159.775,77.05,83,100,8.05,CK,2022-01-31 02:40:58
81,Qaqortoq,60.7167,-46.0333,18.45,84,100,19.15,GL,2022-01-31 02:40:58
82,Tuatapere,-46.1333,167.6833,70.83,66,93,7.81,NZ,2022-01-31 02:40:59
83,Bethel,41.3712,-73.414,22.19,66,0,0.0,US,2022-01-31 02:40:59
84,Leningradskiy,69.3833,178.4167,-15.56,94,85,4.83,RU,2022-01-31 02:41:00
85,Petropavlovsk-Kamchatskiy,53.0452,158.6483,25.39,74,75,6.71,RU,2022-01-31 02:41:00
86,Victoria,22.2855,114.1577,59.32,75,96,13.0,HK,2022-01-31 02:40:31
87,Isangel,-19.55,169.2667,86.11,84,75,4.61,VU,2022-01-31 02:37:47
88,Esperance,-33.8667,121.9,71.44,69,70,19.13,AU,2022-01-31 02:41:01
89,Puerto Leguizamo,-0.1934,-74.7819,79.54,66,100,2.46,CO,2022-01-31 02:41:01
90,Dalby,-27.1833,151.2667,88.5,33,62,7.63,AU,2022-01-31 02:42:02
91,San Ramon,37.7799,-121.978,53.96,77,0,6.91,US,2022-01-31 02:39:20
92,Albany,42.6001,-73.9662,12.85,61,31,3.09,US,2022-01-31 02:42:02
93,Karpathos,35.507,27.2132,53.56,87,14,18.41,GR,2022-01-31 02:42:03
94,Langsa,4.4683,97.9683,83.03,70,91,1.74,ID,2022-01-31 02:42:03
95,Kaitangata,-46.2817,169.8464,64.58,73,68,5.23,NZ,2022-01-31 02:42:04
96,Ubatuba,-23.4339,-45.0711,73.92,89,100,2.8,BR,2022-01-31 02:42:04
97,Te Anau,-45.4167,167.7167,73.53,61,97,5.73,NZ,2022-01-31 02:42:04
98,Mahon,39.8885,4.2658,48.76,81,0,8.05,ES,2022-01-31 02:42:05
99,Manzil Salim,35.8567,8.4765,30.2,49,0,4.0,TN,2022-01-31 02:42:06
100,Guangyuan,32.442,105.823,43.92,55,83,1.83,CN,2022-01-31 02:39:10
101,Kloulklubed,7.0419,134.2556,82.56,69,92,12.82,PW,2022-01-31 02:40:08
102,Luanda,-8.8368,13.2343,76.28,88,100,6.44,AO,2022-01-31 02:40:16
103,Mareeba,-17.0,145.4333,91.33,65,99,3.85,AU,2022-01-31 02:42:07
104,Glendive,47.1053,-104.7125,37.49,76,40,6.91,US,2022-01-31 02:42:07
105,Leninskoye,41.7589,69.3864,31.93,50,54,2.48,KZ,2022-01-31 02:42:08
106,Kapaa,22.0752,-159.319,78.78,65,0,8.05,US,2022-01-31 02:42:08
107,Karaton,-6.3424,106.1045,80.76,71,98,4.21,ID,2022-01-31 02:42:09
108,Georgetown,5.4112,100.3354,84.13,82,20,3.0,MY,2022-01-31 02:41:38
109,Aromashevo,56.8602,68.6375,9.07,95,100,5.77,RU,2022-01-31 02:42:09
110,Alvorada,-12.48,-49.1247,70.12,97,100,2.91,BR,2022-01-31 02:42:10
111,Paamiut,61.994,-49.6678,24.62,96,100,9.78,GL,2022-01-31 02:37:23
112,Nikolskoye,59.7035,30.7861,26.49,97,100,4.99,RU,2022-01-31 02:42:10
113,Nyurba,63.2842,118.3319,-17.14,99,75,4.09,RU,2022-01-31 02:42:11
114,Lasa,46.6166,10.7002,42.26,39,50,4.41,IT,2022-01-31 02:42:11
115,Viedma,-40.8135,-62.9967,58.96,42,79,6.93,AR,2022-01-31 02:40:25
116,Mandalgovi,45.7625,106.2708,4.35,59,5,7.47,MN,2022-01-31 02:42:12
117,Barmer,25.75,71.3833,62.87,77,0,2.62,IN,2022-01-31 02:42:12
118,Kununurra,-15.7667,128.7333,80.58,83,75,25.32,AU,2022-01-31 02:42:12
119,Hofn,64.2539,-15.2082,24.82,43,100,11.34,IS,2022-01-31 02:42:13
120,Norman Wells,65.282,-126.8329,-23.76,69,75,2.3,CA,2022-01-31 02:42:13
121,Haines Junction,60.7522,-137.5108,4.95,56,41,6.91,CA,2022-01-31 02:42:14
122,Tiksi,71.6872,128.8694,-17.36,100,100,3.8,RU,2022-01-31 02:42:14
123,Meulaboh,4.1363,96.1285,83.57,69,63,3.33,ID,2022-01-31 02:42:15
124,Santo Tomas,14.1079,121.1414,86.56,61,59,13.0,PH,2022-01-31 02:42:15
125,Taltal,-25.4,-70.4833,65.52,78,11,3.44,CL,2022-01-31 02:42:16
126,Fare,-16.7,-151.0167,81.07,70,10,10.6,PF,2022-01-31 02:42:16
127,Jamestown,42.097,-79.2353,17.24,79,100,0.0,US,2022-01-31 02:42:17
128,Zonguldak,41.25,31.8333,32.0,98,100,6.64,TR,2022-01-31 02:42:17
129,Ushuaia,-54.8,-68.3,44.26,70,75,26.46,AR,2022-01-31 02:40:14
130,Pauini,-7.7136,-66.9764,72.3,98,85,2.57,BR,2022-01-31 02:42:18
131,Rolla,37.9514,-91.7713,32.88,62,0,0.0,US,2022-01-31 02:42:18
132,Chuy,-33.6971,-53.4616,69.62,83,0,11.48,UY,2022-01-31 02:42:19
133,Villacarrillo,38.1156,-3.0848,37.99,32,81,2.84,ES,2022-01-31 02:43:19
134,Ostrovnoy,68.0531,39.5131,6.42,96,86,8.93,RU,2022-01-31 02:43:19
135,Qasigiannguit,68.8193,-51.1922,-8.64,71,34,11.39,GL,2022-01-31 02:43:20
136,Rawson,-43.3002,-65.1023,59.18,31,24,3.22,AR,2022-01-31 02:40:49
137,Biak,-0.9131,122.8766,85.82,60,99,7.18,ID,2022-01-31 02:43:20
138,Goundam,16.4145,-3.6708,69.49,16,13,9.28,ML,2022-01-31 02:43:21
139,Miri,4.4148,114.0089,80.74,83,20,5.75,MY,2022-01-31 02:43:21
140,Eureka,40.8021,-124.1637,50.94,84,100,1.01,US,2022-01-31 02:43:22
141,Roma,43.2128,-75.4557,11.41,75,40,0.0,US,2022-01-31 02:43:22
142,Cherdyn,60.403,56.4787,-6.23,100,99,1.97,RU,2022-01-31 02:43:23
143,Barrow,71.2906,-156.7887,-5.78,77,100,10.36,US,2022-01-31 02:40:01
144,Carnarvon,-24.8667,113.6333,84.27,65,37,19.57,AU,2022-01-31 02:43:23
145,Richards Bay,-28.783,32.0377,70.07,90,99,6.08,ZA,2022-01-31 02:38:29
146,Port Macquarie,-31.4333,152.9167,82.89,69,30,9.17,AU,2022-01-31 02:40:05
147,Pacific Grove,36.6177,-121.9166,55.81,85,75,4.0,US,2022-01-31 02:38:27
148,Kashi,39.4547,75.9797,24.22,42,20,8.95,CN,2022-01-31 02:43:24
149,Lake Cowichan,48.825,-124.0546,42.85,93,100,9.46,CA,2022-01-31 02:41:32
150,Olafsvik,64.8945,-23.7142,27.19,55,100,23.47,IS,2022-01-31 02:43:25
151,Mariana,-20.3778,-43.4161,67.6,96,100,2.91,BR,2022-01-31 02:43:25
152,Kapuskasing,49.4169,-82.4331,-12.91,83,20,1.14,CA,2022-01-31 02:42:15
153,Pisco,-13.7,-76.2167,71.65,73,99,8.05,PE,2022-01-31 02:43:26
154,Magistralnyy,56.1725,107.4458,-0.04,94,96,1.9,RU,2022-01-31 02:43:26
155,Saldanha,-33.0117,17.9442,64.45,89,100,5.35,ZA,2022-01-31 02:40:00
156,San Vicente,-26.6167,-54.1333,66.22,80,23,1.9,AR,2022-01-31 02:43:27
157,Ponta Do Sol,32.6667,-17.1,65.12,38,0,10.36,PT,2022-01-31 02:43:27
158,Sisimiut,66.9395,-53.6735,1.96,72,86,11.92,GL,2022-01-31 02:43:27
159,Maniitsoq,65.4167,-52.9,8.02,65,100,18.32,GL,2022-01-31 02:43:28
160,Vilhena,-12.7406,-60.1458,68.07,99,100,4.9,BR,2022-01-31 02:43:28
161,Ordynskoye,54.3656,81.8994,8.8,97,85,6.69,RU,2022-01-31 02:43:29
162,Garden City,42.3256,-83.331,25.21,75,40,0.0,US,2022-01-31 02:43:29
163,Mount Isa,-20.7333,139.5,85.77,70,75,8.05,AU,2022-01-31 02:43:29
164,North Battleford,52.7834,-108.2847,21.4,86,75,4.61,CA,2022-01-31 02:38:41
165,Nantucket,41.2835,-70.0995,21.31,47,0,12.66,US,2022-01-31 02:43:30
166,Kaeo,-35.1,173.7833,71.33,81,100,14.03,NZ,2022-01-31 02:43:30
167,Atar,20.5169,-13.0499,76.51,13,100,7.58,MR,2022-01-31 02:43:31
168,Twentynine Palms,34.1356,-116.0542,64.26,13,0,3.0,US,2022-01-31 02:42:37
169,Guerrero Negro,27.9769,-114.0611,60.44,68,54,10.49,MX,2022-01-31 02:43:31
170,Grindavik,63.8424,-22.4338,28.35,86,100,20.71,IS,2022-01-31 02:43:32
171,Puerto Ayora,-0.7393,-90.3518,73.36,84,100,5.14,EC,2022-01-31 02:43:32
172,Bulaevo,54.9056,70.4439,10.6,95,100,9.37,KZ,2022-01-31 02:41:16
173,Kano,12.0001,8.5167,55.29,38,58,5.75,NG,2022-01-31 02:43:33
174,Boyuibe,-20.4167,-63.2833,73.76,44,68,2.48,BO,2022-01-31 02:43:33
175,Stokmarknes,68.5646,14.9108,24.49,89,97,7.74,NO,2022-01-31 02:43:33
176,Tashtyp,52.7939,89.8983,-4.45,96,48,0.49,RU,2022-01-31 02:43:34
177,Vila Franca Do Campo,37.7167,-25.4333,58.19,79,94,14.54,PT,2022-01-31 02:43:34
178,Ahipara,-35.1667,173.1667,75.31,59,100,14.54,NZ,2022-01-31 02:43:35
179,Zhangye,38.9342,100.4517,23.52,27,75,2.46,CN,2022-01-31 02:43:35
180,Dingle,10.9995,122.6711,84.65,69,15,9.19,PH,2022-01-31 02:44:35
181,Morro Bay,35.3658,-120.8499,58.33,75,13,5.01,US,2022-01-31 02:44:36
182,Nouadhibou,20.931,-17.0347,64.38,72,100,17.27,MR,2022-01-31 02:44:36
183,Oktyabrskoye,43.0645,44.7417,19.54,100,5,6.71,RU,2022-01-31 02:44:37
184,Labuhan,-6.8844,112.2051,83.23,75,90,8.32,ID,2022-01-31 02:44:37
185,Salalah,17.0151,54.0924,66.29,63,0,3.44,OM,2022-01-31 02:44:38
186,Macau,22.2006,113.5461,59.07,71,40,23.02,MO,2022-01-31 02:44:38
187,Ust-Kuyga,70.0167,135.6,-36.63,99,95,3.6,RU,2022-01-31 02:44:09
188,Phan Thiet,10.9333,108.1,84.25,58,76,16.11,VN,2022-01-31 02:39:54
189,Tautira,-17.7333,-149.15,84.22,75,96,12.8,PF,2022-01-31 02:44:39
190,Ilulissat,69.2167,-51.1,-6.52,66,37,14.38,GL,2022-01-31 02:44:40
191,Ancud,-41.8697,-73.8203,49.53,77,25,4.56,CL,2022-01-31 02:44:40
192,Itaituba,-4.2761,-55.9836,73.15,94,100,1.48,BR,2022-01-31 02:44:41
193,Souillac,-20.5167,57.5167,79.36,94,40,11.5,MU,2022-01-31 02:44:41
194,Nikolayevsk-Na-Amure,53.1406,140.73,9.48,92,100,9.82,RU,2022-01-31 02:44:42
195,Namatanai,-3.6667,152.4333,84.9,70,95,4.88,PG,2022-01-31 02:44:42
196,Provideniya,64.3833,-173.3,10.51,72,75,17.9,RU,2022-01-31 02:44:43
197,Vilcun,-38.65,-72.2333,50.74,91,3,1.97,CL,2022-01-31 02:44:44
198,Wajima,37.4,136.9,34.48,64,75,3.44,JP,2022-01-31 02:44:44
199,San Rafael,-34.6177,-68.3301,74.77,26,1,7.43,AR,2022-01-31 02:42:50
200,Marystown,47.1666,-55.1483,35.85,100,99,5.01,CA,2022-01-31 02:44:45
201,Chokurdakh,70.6333,147.9167,-28.64,98,29,1.41,RU,2022-01-31 02:44:45
202,Mahebourg,-20.4081,57.7,79.25,94,40,11.5,MU,2022-01-31 02:44:46
203,Bambanglipuro,-7.95,110.2833,84.33,70,99,6.51,ID,2022-01-31 02:44:46
204,Bongandanga,1.5,21.05,67.15,38,100,1.01,CD,2022-01-31 02:44:47
205,Senneterre,48.3835,-77.2328,-1.98,100,97,1.92,CA,2022-01-31 02:43:08
206,Constantine,36.365,6.6147,33.21,80,0,2.3,DZ,2022-01-31 02:44:47
207,Camacha,33.0833,-16.3333,61.56,82,20,18.41,PT,2022-01-31 02:44:48
208,Atasu,48.6814,71.6433,13.5,96,100,6.6,KZ,2022-01-31 02:44:48
209,Vilyuysk,63.7553,121.6247,-19.68,97,77,4.59,RU,2022-01-31 02:44:49
210,Lamar,33.6668,-95.5836,53.58,32,0,4.61,US,2022-01-31 02:44:49
211,Pemba,-12.974,40.5178,75.9,100,75,5.01,MZ,2022-01-31 02:44:50
212,Chipinge,-20.1883,32.6236,59.04,94,44,3.67,ZW,2022-01-31 02:44:51
213,Nome,64.5011,-165.4064,-5.73,71,0,0.0,US,2022-01-31 02:44:51
214,Port Lincoln,-34.7333,135.8667,74.01,66,19,6.87,AU,2022-01-31 02:44:52
215,Estevan,49.1334,-102.9842,21.54,86,75,6.55,CA,2022-01-31 02:44:52
216,Dunedin,-45.8742,170.5036,68.02,71,18,12.68,NZ,2022-01-31 02:44:53
217,Belmonte,-15.8631,-38.8828,79.3,85,14,9.15,BR,2022-01-31 02:44:54
218,Kalmunai,7.4167,81.8167,79.52,79,48,7.2,LK,2022-01-31 02:44:54
219,Sao Joao Da Barra,-21.6403,-41.0511,74.35,93,90,7.45,BR,2022-01-31 02:44:55
220,Curvelo,-18.7564,-44.4308,69.91,85,87,3.04,BR,2022-01-31 02:44:55
221,Borba,-4.3878,-59.5939,73.09,95,100,2.06,BR,2022-01-31 02:44:56
222,Geraldton,-28.7667,114.6,86.13,57,0,16.11,AU,2022-01-31 02:44:56
223,Bay Roberts,47.5999,-53.2648,36.03,83,79,5.01,CA,2022-01-31 02:44:57
224,Alor Setar,6.121,100.3601,78.78,83,20,1.14,MY,2022-01-31 02:40:21
225,Najran,17.4924,44.1277,54.25,35,1,2.57,SA,2022-01-31 02:44:58
226,Roald,62.5833,6.1333,32.14,80,100,11.5,NO,2022-01-31 02:45:58
227,Amboasary,-25.0333,46.3833,73.24,85,1,4.23,MG,2022-01-31 02:45:58
228,Yinchuan,38.4681,106.2731,18.73,28,84,1.3,CN,2022-01-31 02:45:59
229,Turtas,58.9417,69.1325,6.4,94,100,4.36,RU,2022-01-31 02:45:59
230,Asau,46.4333,26.4,34.72,73,54,13.65,RO,2022-01-31 02:46:00
231,Jungapeo,19.45,-100.4833,63.81,70,2,3.13,MX,2022-01-31 02:46:00
232,Launceston,-41.45,147.1667,83.84,54,16,5.99,AU,2022-01-31 02:46:01
233,Tuktoyaktuk,69.4541,-133.0374,-2.2,84,100,24.16,CA,2022-01-31 02:44:05
234,Constitucion,-35.3333,-72.4167,57.18,79,0,14.07,CL,2022-01-31 02:44:10
235,Bourail,-21.5667,165.4833,85.6,63,97,6.73,NC,2022-01-31 02:46:02
236,Togur,58.3631,82.8265,1.45,98,79,7.05,RU,2022-01-31 02:46:02
237,Cayenne,4.9333,-52.3333,79.09,88,100,1.99,GF,2022-01-31 02:46:03
238,Akdepe,42.0551,59.3788,23.09,75,100,9.55,TM,2022-01-31 02:46:03
239,Dudinka,69.4058,86.1778,-12.87,97,100,8.32,RU,2022-01-31 02:46:03
240,Ambulu,-8.345,113.6058,82.8,76,100,4.36,ID,2022-01-31 02:46:04
241,Santa Isabel Do Rio Negro,-0.4139,-65.0192,76.23,80,98,2.57,BR,2022-01-31 02:46:04
242,Cherskiy,68.75,161.3,-27.76,99,56,1.1,RU,2022-01-31 02:46:05
243,Zabaykalsk,49.6333,117.3167,-4.45,86,13,5.37,RU,2022-01-31 02:46:05
244,Fortuna Foothills,32.6578,-114.4119,66.29,18,0,1.99,US,2022-01-31 02:42:12
245,Broome,42.2506,-75.833,9.99,80,29,4.0,US,2022-01-31 02:46:06
246,Sobolevo,54.4299,31.8996,28.38,98,100,4.65,RU,2022-01-31 02:46:06
247,Mindelo,16.8901,-24.9804,69.35,64,75,23.02,CV,2022-01-31 02:46:07
248,Bambous Virieux,-20.3428,57.7575,79.21,94,40,11.5,MU,2022-01-31 02:46:07
249,Adeje,28.1227,-16.726,62.56,62,1,1.99,ES,2022-01-31 02:46:08
250,Ribeira Grande,38.5167,-28.7,59.45,73,54,20.22,PT,2022-01-31 02:46:09
251,Independence,39.0911,-94.4155,38.05,53,0,1.01,US,2022-01-31 02:44:17
252,Sambava,-14.2667,50.1667,75.85,87,16,8.34,MG,2022-01-31 02:46:09
253,Eldorado,-23.7869,-54.2836,72.28,86,0,4.97,BR,2022-01-31 02:43:01
254,Padang,-0.9492,100.3543,82.45,66,81,0.96,ID,2022-01-31 02:46:10
255,Menongue,-14.6585,17.691,61.18,94,100,3.94,AO,2022-01-31 02:46:11
256,Cockburn Town,21.4612,-71.1419,75.42,75,98,20.18,TC,2022-01-31 02:46:11
257,Brae,60.3964,-1.353,37.31,93,100,31.88,GB,2022-01-31 02:46:12
258,Russell,32.3502,-85.1999,52.83,76,0,3.44,US,2022-01-31 02:46:13
259,Taoudenni,22.6783,-3.9836,67.68,13,79,15.84,ML,2022-01-31 02:46:13
260,La Rioja,42.25,-2.5,33.12,73,0,5.32,ES,2022-01-31 02:46:14
261,Nanortalik,60.1432,-45.2371,21.04,75,100,24.65,GL,2022-01-31 02:45:18
262,Tiznit,29.5833,-9.5,60.87,31,85,13.13,MA,2022-01-31 02:46:15
263,Sioux Lookout,50.1001,-91.917,12.58,79,100,8.05,CA,2022-01-31 02:46:15
264,Aldan,58.6031,125.3894,-6.59,93,100,3.47,RU,2022-01-31 02:46:16
265,Nogales,31.3086,-110.9422,54.97,21,0,6.91,MX,2022-01-31 02:43:20
266,Saint George,37.1041,-113.5841,54.19,25,0,1.99,US,2022-01-31 02:44:04
267,Adrar,20.5022,-10.0711,71.4,13,100,12.41,MR,2022-01-31 02:46:17
268,Clyde River,70.4692,-68.5914,-27.17,75,0,0.0,CA,2022-01-31 02:46:17
269,Kruisfontein,-34.0033,24.7314,63.88,95,83,3.38,ZA,2022-01-31 02:46:18
270,Lavrentiya,65.5833,-171.0,-8.05,93,16,5.41,RU,2022-01-31 02:47:18
271,Torbay,47.6666,-52.7314,35.38,80,100,27.63,CA,2022-01-31 02:46:13
272,Wawa,9.9022,4.4192,71.83,19,100,8.1,NG,2022-01-31 02:47:19
273,Kasongo-Lunda,-6.4667,16.8167,68.77,98,100,1.5,CD,2022-01-31 02:47:19
274,Walvis Bay,-22.9575,14.5053,67.15,88,98,10.36,NA,2022-01-31 02:47:20
275,Pangnirtung,66.1451,-65.7125,-20.74,86,93,5.59,CA,2022-01-31 02:47:20
276,Igarka,67.4667,86.5833,-6.77,96,100,10.33,RU,2022-01-31 02:47:21
277,Caucaia,-3.7361,-38.6531,82.35,77,75,11.5,BR,2022-01-31 02:47:21
278,Atambua,-9.1061,124.8925,78.33,81,87,10.54,ID,2022-01-31 02:47:22
279,Tessalit,20.1986,1.0114,65.39,16,4,8.95,ML,2022-01-31 02:47:22
280,Imbituba,-28.24,-48.6703,74.82,78,42,6.46,BR,2022-01-31 02:47:23
281,Lompoc,34.6391,-120.4579,58.21,85,75,8.05,US,2022-01-31 02:43:52
282,San Cristobal,7.7669,-72.225,66.38,91,74,2.64,VE,2022-01-31 02:47:24
283,Jumla,29.2747,82.1838,43.18,31,0,1.32,NP,2022-01-31 02:47:24
284,Vostok,46.4856,135.8833,1.56,83,19,4.14,RU,2022-01-31 02:47:24
285,Barra Patuca,15.8,-84.2833,72.88,70,99,14.18,HN,2022-01-31 02:47:25
286,Vestmanna,62.1564,-7.1664,32.92,55,100,31.07,FO,2022-01-31 02:47:25
287,Churapcha,62.0025,132.4325,-23.89,96,84,2.21,RU,2022-01-31 02:47:26
288,Pontal Do Parana,-25.6533,-48.5128,74.73,94,92,2.26,BR,2022-01-31 02:47:27
289,Chermoz,58.787,56.1489,12.27,96,100,3.22,RU,2022-01-31 02:47:27
290,Weymouth,42.2209,-70.9398,16.72,77,0,0.0,US,2022-01-31 02:45:29
291,Faanui,-16.4833,-151.75,80.98,69,0,8.52,PF,2022-01-31 02:47:28
292,Zhenlai,45.8495,123.2973,9.05,77,11,3.76,CN,2022-01-31 02:47:28
293,Asyut,27.181,31.1837,44.78,52,5,6.44,EG,2022-01-31 02:47:29
294,Tarakan,3.3,117.6333,83.7,79,75,8.05,ID,2022-01-31 02:47:30
295,Sandwick,60.0,-1.25,37.22,93,100,5.75,GB,2022-01-31 02:47:31
296,Krasnyy Chikoy,50.3643,108.7512,-3.21,94,100,2.06,RU,2022-01-31 02:47:31
297,Bengkulu,-3.8004,102.2655,79.86,76,100,2.3,ID,2022-01-31 02:47:32
298,Sitka,57.0531,-135.33,35.49,75,20,0.0,US,2022-01-31 02:47:32
299,Komsomolskiy,40.4272,71.7189,29.12,93,100,2.3,UZ,2022-01-31 02:47:33
300,Umm Lajj,25.0213,37.2685,62.42,59,100,7.14,SA,2022-01-31 02:47:33
301,Baiyin,36.5583,104.2081,13.08,44,100,2.17,CN,2022-01-31 02:47:34
302,Wabag,-5.4781,143.7021,63.9,85,83,1.97,PG,2022-01-31 02:47:34
303,Amapa,1.0,-52.0,70.72,99,100,1.72,BR,2022-01-31 02:47:34
304,Matara,5.9485,80.5353,78.75,85,20,5.39,LK,2022-01-31 02:47:35
305,Coihaique,-45.5752,-72.0662,49.95,62,0,6.91,CL,2022-01-31 02:47:35
306,Kulhudhuffushi,6.6221,73.07,81.34,77,21,10.92,MV,2022-01-31 02:45:00
307,Hualmay,-11.0964,-77.6139,70.32,85,100,8.25,PE,2022-01-31 02:47:36
308,Caravelas,-17.7125,-39.2481,78.51,87,41,10.83,BR,2022-01-31 02:43:40
309,Kahului,20.8947,-156.47,80.62,61,20,17.27,US,2022-01-31 02:47:37
310,Auki,-8.7676,160.7034,83.5,79,99,5.75,SB,2022-01-31 02:47:38
311,Miyako,39.6367,141.9525,32.11,43,98,13.85,JP,2022-01-31 02:47:38
312,Newport,51.5877,-2.9984,47.25,70,100,4.0,GB,2022-01-31 02:47:38
313,Laohekou,32.3858,111.6678,43.66,63,100,4.63,CN,2022-01-31 02:47:39
314,Yugo-Kamskiy,57.7053,55.5894,12.22,97,95,2.33,RU,2022-01-31 02:47:39
315,Vestmannaeyjar,63.4427,-20.2734,32.59,64,100,32.21,IS,2022-01-31 02:47:40
316,Kholm,59.2667,32.85,22.95,95,100,6.46,RU,2022-01-31 02:47:40
317,Honggang,46.4667,124.8667,6.78,80,12,4.32,CN,2022-01-31 02:47:41
318,Tashigang,27.3331,91.5542,54.3,48,42,1.52,BT,2022-01-31 02:48:41
319,Dawson Creek,55.7666,-120.2362,13.35,79,100,18.41,CA,2022-01-31 02:46:10
320,Berdigestyakh,62.0989,126.6992,-11.42,96,100,6.46,RU,2022-01-31 02:48:42
321,Clovis,36.8252,-119.7029,57.09,63,40,4.61,US,2022-01-31 02:48:42
322,Maldonado,-34.6667,-54.9167,73.22,76,4,10.63,UY,2022-01-31 02:48:43
323,Okha,53.5739,142.9478,9.9,91,100,22.73,RU,2022-01-31 02:48:43
324,Airai,-8.9266,125.4092,71.76,64,91,6.89,TL,2022-01-31 02:45:20
325,Hami,42.8,93.45,24.62,37,88,4.38,CN,2022-01-31 02:48:44
326,Hambantota,6.1241,81.1185,77.34,100,20,5.75,LK,2022-01-31 02:48:44
327,Kutum,14.2,24.6667,49.69,20,2,9.91,SD,2022-01-31 02:45:10
328,Port Elizabeth,-33.918,25.5701,66.49,100,75,4.61,ZA,2022-01-31 02:45:17
329,Kavieng,-2.5744,150.7967,83.46,70,99,2.21,PG,2022-01-31 02:48:45
330,Punta De Bombon,-17.1717,-71.7931,69.71,75,37,4.07,PE,2022-01-31 02:48:46
331,Indapur,18.3,73.25,71.37,42,1,1.72,IN,2022-01-31 02:48:46
332,Ayagoz,47.9714,80.4392,2.34,100,99,2.17,KZ,2022-01-31 02:48:47
333,Kedrovyy,56.1667,91.8167,-16.19,89,43,3.58,RU,2022-01-31 02:48:47
334,Smithers,54.7804,-127.1743,25.12,93,75,3.44,CA,2022-01-31 02:48:48
335,Yellowknife,62.456,-114.3525,-8.59,87,75,8.05,CA,2022-01-31 02:48:48
336,Isiro,2.7739,27.616,63.91,40,100,3.09,CD,2022-01-31 02:48:48
337,Norden,53.6,7.2,37.94,98,100,19.17,DE,2022-01-31 02:48:49
338,Suna,57.8338,50.0588,-0.4,100,99,3.47,RU,2022-01-31 02:48:49
339,Terenos,-20.4422,-54.8603,76.71,83,75,10.36,BR,2022-01-31 02:48:50
340,Flin Flon,54.7682,-101.865,6.82,96,95,5.55,CA,2022-01-31 02:46:10
341,San Patricio,28.017,-97.5169,64.26,77,100,10.83,US,2022-01-31 02:48:51
342,Sharan,54.8167,54.0,20.16,97,96,6.4,RU,2022-01-31 02:48:51
343,Igrim,63.1906,64.4162,-12.03,100,100,3.0,RU,2022-01-31 02:48:52
344,Bolpur,23.6667,87.7167,63.41,48,0,2.39,IN,2022-01-31 02:48:52
345,Cidreira,-30.1811,-50.2056,73.35,72,0,18.28,BR,2022-01-31 02:45:15
346,Ati,13.2154,18.3353,59.25,20,4,11.43,TD,2022-01-31 02:48:53
347,Fonte Boa,-2.4959,-66.2662,72.77,96,73,2.48,BR,2022-01-31 02:48:54
348,Lafiagi,8.8667,5.4167,70.12,14,88,4.07,NG,2022-01-31 02:48:54
349,Monterey,36.2505,-121.2516,51.06,1,13,7.31,US,2022-01-31 02:48:55
350,Ripoll,42.2006,2.1903,42.8,27,0,1.99,ES,2022-01-31 02:48:55
351,Araouane,18.9048,-3.5265,68.04,18,24,11.27,ML,2022-01-31 02:48:56
352,Alcudia,39.8532,3.1214,53.69,48,0,9.48,ES,2022-01-31 02:48:57
353,Bam,29.106,58.357,46.85,37,18,1.81,IR,2022-01-31 02:48:58
354,Yuci,37.6803,112.7319,22.75,33,0,6.71,CN,2022-01-31 02:48:58
355,Bulgan,48.8125,103.5347,-2.04,79,9,2.44,MN,2022-01-31 02:48:59
356,Bougouni,11.417,-7.479,72.05,17,22,5.37,ML,2022-01-31 02:48:59
357,Zeya,53.75,127.2667,7.14,56,22,2.42,RU,2022-01-31 02:49:00
358,Port Moresby,-9.4431,147.1797,83.62,74,75,11.5,PG,2022-01-31 02:49:00
359,Ondjiva,-17.0667,15.7333,68.22,48,100,6.11,AO,2022-01-31 02:49:01
360,Ponta Delgada,37.7333,-25.6667,58.5,77,20,12.66,PT,2022-01-31 02:49:01
361,Urubicha,-15.3833,-62.95,71.53,99,33,3.6,BO,2022-01-31 02:49:02
362,Xinan,26.72,119.8556,47.68,64,52,3.98,CN,2022-01-31 02:50:02
363,Port Hueneme,34.1478,-119.1951,63.63,63,0,0.0,US,2022-01-31 02:50:03
364,Katherine,-14.4667,132.2667,89.92,55,20,21.85,AU,2022-01-31 02:50:03
365,Talas,38.6908,35.5538,25.47,93,75,2.3,TR,2022-01-31 02:50:04
366,Japura,-0.3167,102.35,84.02,73,71,2.59,ID,2022-01-31 02:50:04
367,Dingli,35.8614,14.3822,54.81,82,75,12.66,MT,2022-01-31 02:50:05
368,Ferkessedougou,9.6,-5.2,70.97,18,82,5.61,CI,2022-01-31 02:50:05
369,Katsuura,35.1333,140.3,46.51,35,95,10.16,JP,2022-01-31 02:50:05
370,Lagoa,39.05,-27.9833,58.21,74,25,25.05,PT,2022-01-31 02:46:28
371,Jose Bonifacio,-21.0528,-49.6883,70.86,94,99,6.89,BR,2022-01-31 02:46:48
372,Wakkanai,45.4094,141.6739,19.38,49,40,13.8,JP,2022-01-31 02:50:06
373,Moerai,-22.4333,-151.3333,79.83,75,24,10.74,PF,2022-01-31 02:50:07
374,Kondinskoye,59.6481,67.41,-4.72,100,100,2.73,RU,2022-01-31 02:50:07
375,Mapiripan,2.8892,-72.1256,79.97,43,21,7.29,CO,2022-01-31 02:50:07
376,Luderitz,-26.6481,15.1594,63.32,93,65,6.08,NA,2022-01-31 02:50:08
377,Coquimbo,-29.9533,-71.3436,62.33,88,0,0.0,CL,2022-01-31 02:46:15
378,Nuzvid,16.7833,80.85,65.25,33,2,3.38,IN,2022-01-31 02:50:08
379,Rosario Oeste,-14.8361,-56.4275,72.39,97,100,6.24,BR,2022-01-31 02:50:09
380,Varhaug,58.6147,5.6457,36.9,69,98,14.18,NO,2022-01-31 02:50:09
381,Pevek,69.7008,170.3133,-18.08,99,92,3.18,RU,2022-01-31 02:46:27
382,Concordia,-31.393,-58.0209,70.79,74,0,1.99,AR,2022-01-31 02:48:47
383,Eyl,7.9803,49.8164,73.49,78,91,14.94,SO,2022-01-31 02:50:10
384,Tirumullaivasal,11.2333,79.8333,78.35,73,93,6.67,IN,2022-01-31 02:50:11
385,Kuntaur,13.6667,-14.8833,79.56,14,99,4.63,GM,2022-01-31 02:50:11
386,Ulkan,57.243,107.3223,1.27,96,89,1.36,RU,2022-01-31 02:50:12
387,Kjollefjord,70.9457,27.3465,27.81,72,68,7.54,NO,2022-01-31 02:50:12
388,Lingao,19.9103,109.6859,65.61,90,100,16.69,CN,2022-01-31 02:50:13
389,Acapulco,16.8634,-99.8901,77.47,75,8,4.07,MX,2022-01-31 02:49:12
390,Harer,9.3094,42.1258,54.66,29,56,5.88,ET,2022-01-31 02:50:13
391,Sur,22.5667,59.5289,69.8,65,0,0.74,OM,2022-01-31 02:50:14
392,Annau,37.8876,58.516,29.7,100,0,6.91,TM,2022-01-31 02:50:14
393,Ewa Beach,21.3156,-158.0072,80.55,55,0,8.99,US,2022-01-31 02:50:15
394,Liverpool,53.4106,-2.9779,45.68,79,75,14.0,GB,2022-01-31 02:46:13
395,Jadu,31.953,12.0261,42.13,49,0,7.07,LY,2022-01-31 02:50:15
396,Yumen,40.2833,97.2,16.84,35,100,9.48,CN,2022-01-31 02:50:16
397,Marawi,7.9986,124.2928,74.64,67,100,5.14,PH,2022-01-31 02:50:16
398,East Massapequa,40.6734,-73.4365,25.25,64,20,1.99,US,2022-01-31 02:50:17
399,Nioro,13.35,-15.75,76.8,28,89,6.51,GM,2022-01-31 02:50:17
400,Belaya Gora,68.5333,146.4167,-22.56,97,97,2.37,RU,2022-01-31 02:50:18
401,Ust-Ishim,57.6935,71.1665,7.57,97,100,4.85,RU,2022-01-31 02:50:18
402,Serebryanyy Bor,56.8,124.8,-8.64,94,100,6.69,RU,2022-01-31 02:50:19
403,Jaisalmer,26.9147,70.9181,63.7,32,0,4.09,IN,2022-01-31 02:50:20
404,Kholodnyy,62.7167,147.95,-5.15,95,95,4.65,RU,2022-01-31 02:50:20
405,Jalu,29.0331,21.5482,52.52,69,70,12.21,LY,2022-01-31 02:50:21
406,Batemans Bay,-35.7167,150.1833,88.99,68,77,8.39,AU,2022-01-31 02:50:21
407,Gayny,60.3071,54.3241,-5.71,100,85,2.17,RU,2022-01-31 02:50:22
408,Emerald,-23.5333,148.1667,92.34,43,40,6.91,AU,2022-01-31 02:50:22
409,Faya,18.3851,42.4509,53.71,68,5,5.55,SA,2022-01-31 02:50:23
410,Mlonggo,-6.5333,110.7,84.09,83,100,9.08,ID,2022-01-31 02:50:23
411,Pringsewu,-5.3582,104.9744,75.88,93,100,0.58,ID,2022-01-31 02:50:24
412,Concepcion Del Oro,24.6333,-101.4167,55.36,22,8,1.9,MX,2022-01-31 02:51:24
413,Mehamn,71.0357,27.8492,25.05,73,67,5.1,NO,2022-01-31 02:51:25
414,Likasi,-10.9814,26.7333,61.95,99,100,1.99,CD,2022-01-31 02:51:25
415,Pemangkat,1.1667,108.9667,81.12,75,100,6.62,ID,2022-01-31 02:51:26
416,Ketchikan,55.3422,-131.6461,35.58,93,100,4.61,US,2022-01-31 02:51:26
417,Goose Creek,32.981,-80.0326,49.89,66,0,3.0,US,2022-01-31 02:51:27
418,Awjilah,29.1081,21.2869,53.42,63,76,14.41,LY,2022-01-31 02:51:27
419,Kieta,-6.2167,155.6333,85.96,69,100,8.12,PG,2022-01-31 02:50:56
420,Hudson Bay,52.85,-102.3842,14.86,98,100,4.5,CA,2022-01-31 02:51:28
421,Ostrov,57.3439,28.3537,31.73,99,100,1.92,RU,2022-01-31 02:51:28
422,Fukue,32.6881,128.8419,46.76,53,20,11.5,JP,2022-01-31 02:51:29
423,Naliya,23.2667,68.8333,68.68,90,0,7.74,IN,2022-01-31 02:51:30
424,Buala,-8.145,159.5921,84.7,72,100,3.51,SB,2022-01-31 02:51:30
425,Caborca,30.5838,-111.101,56.77,29,0,5.7,MX,2022-01-31 02:51:30
426,Vanavara,60.34,102.2797,-9.24,96,99,2.44,RU,2022-01-31 02:51:31
427,Port Hardy,50.6996,-127.4199,39.76,87,75,6.91,CA,2022-01-31 02:51:31
428,Usinsk,65.9939,57.5281,9.0,93,100,12.33,RU,2022-01-31 02:51:32
429,Ocos,14.5094,-92.1933,80.01,68,14,4.79,GT,2022-01-31 02:51:32
430,Harper,4.375,-7.7169,77.9,86,59,2.04,LR,2022-01-31 02:51:33
431,Ambilobe,-13.2,49.05,73.58,95,73,1.01,MG,2022-01-31 02:51:33
432,Lorengau,-2.0226,147.2712,81.45,81,100,17.2,PG,2022-01-31 02:51:33
433,Altay,47.8667,88.1167,6.48,61,76,5.21,CN,2022-01-31 02:51:34
434,Harrisonburg,38.4496,-78.8689,23.61,69,0,0.0,US,2022-01-31 02:48:08
435,Gigmoto,13.7796,124.39,79.36,84,69,12.12,PH,2022-01-31 02:51:35
436,Pudozh,61.8099,36.5345,14.86,94,100,6.73,RU,2022-01-31 02:51:35
437,Ilorin,8.5,4.55,70.16,40,83,5.75,NG,2022-01-31 02:51:36
438,Baykit,61.67,96.37,-5.58,100,97,0.56,RU,2022-01-31 02:51:36
439,Saint-Pierre,-21.3393,55.4781,74.88,73,75,5.75,RE,2022-01-31 02:51:36
440,Chulym,55.0997,80.9572,8.78,97,83,8.72,RU,2022-01-31 02:51:37
441,Tilik,13.8144,120.2002,81.18,76,47,22.46,PH,2022-01-31 02:51:37
442,Sembe,1.6481,14.5806,66.99,33,99,1.21,CG,2022-01-31 02:51:37
443,Nagram,26.6167,81.1333,50.05,63,0,2.75,IN,2022-01-31 02:51:38
444,Schwedt,53.0596,14.2815,39.78,87,100,9.51,DE,2022-01-31 02:51:38
445,Fallon,39.4735,-118.7774,37.45,45,20,6.91,US,2022-01-31 02:51:39
446,Berlevag,70.8578,29.0864,28.51,65,87,5.86,NO,2022-01-31 02:51:39
447,Talara,-4.5772,-81.2719,71.42,83,100,9.01,PE,2022-01-31 02:51:40
448,Ca Mau,9.1769,105.15,87.55,48,2,12.68,VN,2022-01-31 02:51:40
449,Povenets,62.8487,34.8262,12.83,96,100,4.72,RU,2022-01-31 02:51:40
450,Esna,25.2934,32.554,46.42,51,44,7.58,EG,2022-01-31 02:51:41
451,Svetlaya,46.5389,138.3297,14.2,54,20,4.76,RU,2022-01-31 02:51:41
452,Abu Dhabi,24.4667,54.3667,66.96,83,0,3.44,AE,2022-01-31 02:48:02
453,Chernyshevskiy,63.0128,112.4714,-11.51,97,94,2.08,RU,2022-01-31 02:51:42
454,Kavaratti,10.5669,72.642,81.28,73,2,8.52,IN,2022-01-31 02:51:42
455,Saravan,39.7196,45.6483,16.39,93,98,3.47,AM,2022-01-31 02:51:43
456,Xining,36.6167,101.7667,13.8,58,94,1.03,CN,2022-01-31 02:51:43
457,Puerto Quijarro,-17.7833,-57.7667,72.48,99,65,2.89,BO,2022-01-31 02:51:43
458,Troitskoye,52.9821,84.6757,0.9,98,45,4.45,RU,2022-01-31 02:51:44
459,Merrill,45.1805,-89.6835,18.37,90,0,0.0,US,2022-01-31 02:52:44
460,Gorontalo,0.5412,123.0595,89.69,51,94,7.52,ID,2022-01-31 02:52:45
461,Saint-Francois,46.4154,3.9054,40.44,93,100,4.61,FR,2022-01-31 02:52:45
462,Fort Saint James,54.4333,-124.25,17.73,96,89,4.65,CA,2022-01-31 02:52:45
463,Karratha,-20.7377,116.8463,99.55,32,53,9.48,AU,2022-01-31 02:52:46
464,Fujinomiya,35.2167,138.6167,50.18,69,60,6.33,JP,2022-01-31 02:52:46
465,Salinopolis,-0.6136,-47.3561,77.29,88,100,8.05,BR,2022-01-31 02:52:18
466,Domoni,-12.2569,44.5319,78.96,83,16,3.8,KM,2022-01-31 02:52:47
467,Tura,25.5198,90.2201,62.06,43,0,3.53,IN,2022-01-31 02:52:47
468,Deputatskiy,69.3,139.9,-23.28,100,55,1.88,RU,2022-01-31 02:51:34
469,Chamba,32.5667,76.1333,50.31,45,38,7.11,IN,2022-01-31 02:52:48
470,Chifeng,42.2683,118.9636,17.42,83,100,11.36,CN,2022-01-31 02:52:48
471,South Sioux City,42.4739,-96.4136,29.55,61,100,7.0,US,2022-01-31 02:52:49
472,Chumikan,54.7183,135.315,3.38,77,100,19.73,RU,2022-01-31 02:52:49
473,Bonoua,5.2741,-3.595,78.42,92,99,3.38,CI,2022-01-31 02:52:50
474,Harsin,34.2721,47.5861,18.41,68,1,1.54,IR,2022-01-31 02:52:50
475,Cururupu,-1.8283,-44.8683,73.2,88,99,5.14,BR,2022-01-31 02:52:51
476,Camacupa,-12.0167,17.4833,60.8,91,100,1.61,AO,2022-01-31 02:52:51
477,Evensk,61.95,159.2333,23.23,79,100,19.62,RU,2022-01-31 02:52:51
478,Maridi,4.9158,29.4742,66.22,30,68,3.44,SS,2022-01-31 02:52:52
479,Truth Or Consequences,33.1284,-107.2528,42.15,87,20,4.61,US,2022-01-31 02:52:52
480,Tazovskiy,67.4667,78.7,-5.42,98,98,8.21,RU,2022-01-31 02:52:53
481,Metro,-5.1131,105.3067,77.76,86,100,2.91,ID,2022-01-31 02:52:53
482,Kushiro,42.975,144.3747,18.55,53,20,1.14,JP,2022-01-31 02:52:54
483,Matagami,49.7502,-77.6328,-11.09,84,0,5.75,CA,2022-01-31 02:52:54
484,Vanimo,-2.6741,141.3028,80.73,76,100,11.99,PG,2022-01-31 02:51:59
485,Hobe Sound,27.0595,-80.1364,52.99,71,0,0.0,US,2022-01-31 02:52:55
486,Puerto Del Rosario,28.5004,-13.8627,60.55,67,0,4.61,ES,2022-01-31 02:52:04
487,Kyzyl-Suu,42.3414,78.0056,17.31,61,57,8.81,KG,2022-01-31 02:52:55
488,Necochea,-38.5473,-58.7368,60.13,60,100,9.66,AR,2022-01-31 02:52:56
489,Coahuayana,18.7333,-103.6833,70.09,72,0,1.21,MX,2022-01-31 02:52:56
490,Zarinsk,53.7074,84.9493,-3.24,99,84,3.44,RU,2022-01-31 02:52:56
491,Velyka Mykhaylivka,47.0794,29.8514,36.14,73,100,18.63,UA,2022-01-31 02:52:57
492,Juba,4.8517,31.5825,72.88,30,81,2.8,SS,2022-01-31 02:52:57
493,Port Blair,11.6667,92.75,75.24,73,40,3.44,IN,2022-01-31 02:52:58
494,Navalmoral De La Mata,39.8916,-5.5406,50.95,45,4,1.45,ES,2022-01-31 02:52:58
495,Vostochnyy,55.8167,37.8667,26.98,96,100,8.93,RU,2022-01-31 02:52:59
496,Teahupoo,-17.8333,-149.2667,78.76,75,87,13.67,PF,2022-01-31 02:52:59
497,Lakes Entrance,-37.8811,147.981,87.57,73,12,7.58,AU,2022-01-31 02:53:00
498,Horizontina,-27.6258,-54.3078,69.75,68,10,3.67,BR,2022-01-31 02:53:00
499,Taggia,43.8485,7.8545,55.99,84,59,1.25,IT,2022-01-31 02:53:01
500,Wilmington,34.2257,-77.9447,47.86,74,0,3.44,US,2022-01-31 02:52:04
501,Celestun,20.8667,-90.4,65.48,67,0,11.83,MX,2022-01-31 02:53:01
502,Chirongui,-12.9319,45.1483,76.93,70,30,5.17,YT,2022-01-31 02:53:02
503,Fairbanks,64.8378,-147.7164,-15.39,70,0,0.0,US,2022-01-31 02:50:32
504,Sarangani,5.4033,125.4636,82.29,73,100,12.82,PH,2022-01-31 02:53:03
505,Yerbogachen,61.2767,108.0108,-11.67,99,96,3.83,RU,2022-01-31 02:54:03
506,Humaita,-7.5061,-63.0208,72.41,98,100,2.66,BR,2022-01-31 02:54:04
507,Aripuana,-9.1667,-60.6333,71.26,99,100,2.1,BR,2022-01-31 02:54:04
508,Trairi,-3.2778,-39.2689,78.69,81,100,9.44,BR,2022-01-31 02:52:16
509,Ugoofaaru,5.6667,73.0,82.31,74,87,11.5,MV,2022-01-31 02:54:05
510,Beringovskiy,63.05,179.3167,-4.5,95,100,9.89,RU,2022-01-31 02:54:05
511,Grand Gaube,-20.0064,57.6608,79.38,82,75,5.99,MU,2022-01-31 02:50:16
512,Mahajanga,-15.7167,46.3167,78.82,94,20,5.75,MG,2022-01-31 02:54:06
513,Khani,41.9563,42.9566,31.57,80,100,8.25,GE,2022-01-31 02:54:06
514,Mubi,10.2676,13.2644,59.32,28,33,2.35,NG,2022-01-31 02:54:07
515,Aasiaat,68.7098,-52.8699,-10.35,92,77,13.22,GL,2022-01-31 02:54:07
516,Scarborough,54.2797,-0.4044,43.54,71,42,8.99,GB,2022-01-31 02:50:57
517,Pullman,46.7313,-117.1796,37.71,58,100,11.01,US,2022-01-31 02:54:08
518,Maragogi,-9.0122,-35.2225,78.31,80,43,7.31,BR,2022-01-31 02:54:09
519,Kamen-Rybolov,44.7481,132.0403,10.29,71,34,5.01,RU,2022-01-31 02:54:09
520,Cardenas,23.0375,-81.2047,56.39,61,0,7.02,CU,2022-01-31 02:54:10
521,Hay River,60.8156,-115.7999,-5.82,77,75,5.75,CA,2022-01-31 02:54:10
522,Aviles,43.5547,-5.9248,49.73,87,100,3.0,ES,2022-01-31 02:54:11
523,Osypenko,46.9136,36.8253,32.85,90,92,12.84,UA,2022-01-31 02:54:11
524,Lakatoro,-16.0999,167.4164,84.43,75,100,11.01,VU,2022-01-31 02:54:11
525,Tirumala,13.6833,79.35,66.38,78,0,1.66,IN,2022-01-31 02:54:12
526,Saltpond,5.2091,-1.0606,76.37,81,93,2.15,GH,2022-01-31 02:54:12
527,Pasni,25.2631,63.471,69.51,66,0,10.16,PK,2022-01-31 02:54:13
528,Dera Bugti,29.0307,69.151,59.02,31,0,3.83,PK,2022-01-31 02:54:13
529,Innisfail,-17.5333,146.0333,92.88,66,43,7.45,AU,2022-01-31 02:54:14
530,Champerico,14.3,-91.9167,80.04,71,11,5.59,GT,2022-01-31 02:54:14
531,Redmond,47.674,-122.1215,46.9,85,100,1.99,US,2022-01-31 02:51:57
532,Inuvik,68.3499,-133.7218,4.06,85,100,13.8,CA,2022-01-31 02:54:15
533,Aracati,-4.5617,-37.7697,80.02,76,51,13.0,BR,2022-01-31 02:54:15
534,Nago,26.5881,127.9761,60.96,54,83,15.46,JP,2022-01-31 02:54:15
535,Touros,-5.1989,-35.4608,77.9,81,3,9.6,BR,2022-01-31 02:53:17
536,Puerto Escondido,15.85,-97.0667,76.73,81,3,3.29,MX,2022-01-31 02:54:16
537,Christchurch,-43.5333,172.6333,71.8,66,75,8.01,NZ,2022-01-31 02:49:54
538,Cabo San Lucas,22.8909,-109.9124,71.51,73,80,5.14,MX,2022-01-31 02:54:04
539,Bheramara,24.0232,88.9925,64.63,46,0,2.39,BD,2022-01-31 02:54:17
540,Ulladulla,-35.35,150.4667,88.77,63,51,11.14,AU,2022-01-31 02:54:17
541,Hasaki,35.7333,140.8333,48.29,37,45,10.94,JP,2022-01-31 02:54:17
542,Mecca,21.4267,39.8261,66.61,64,99,3.94,SA,2022-01-31 02:54:18
543,Blackwater,-23.5833,148.8833,93.02,37,86,6.22,AU,2022-01-31 02:54:18
544,Kumluca,36.3703,30.2869,47.68,86,100,1.07,TR,2022-01-31 02:54:19
545,Havre-Saint-Pierre,50.2334,-63.5986,12.2,72,100,13.8,CA,2022-01-31 02:51:34
546,Silleda,42.696,-8.2465,46.26,75,0,3.6,ES,2022-01-31 02:54:19
547,Cap Malheureux,-19.9842,57.6142,79.47,81,80,5.99,MU,2022-01-31 02:54:20
548,Mocuba,-16.8392,36.9856,69.96,98,15,1.34,MZ,2022-01-31 02:54:20
549,Puri,19.8,85.85,61.32,62,5,5.32,IN,2022-01-31 02:54:20
550,Genhe,50.7833,121.5167,1.47,80,79,2.44,CN,2022-01-31 02:55:21
551,Zemio,5.0314,25.1361,64.69,31,70,3.44,CF,2022-01-31 02:55:21
552,Dukat,62.55,155.55,-7.67,95,81,6.46,RU,2022-01-31 02:55:22
553,Sinnamary,5.3833,-52.95,76.17,87,72,11.12,GF,2022-01-31 02:55:22
554,Hashtgerd,35.9642,50.6858,34.36,50,0,7.11,IR,2022-01-31 02:55:23
555,Mnogovershinnyy,53.9353,139.9242,4.42,88,100,7.92,RU,2022-01-31 02:55:23
556,Lahti,59.9911,30.1597,26.78,92,100,6.8,RU,2022-01-31 02:55:23
557,Obuasi,6.206,-1.6619,65.64,92,93,0.6,GH,2022-01-31 02:55:24
558,Candolim,15.5181,73.7626,69.8,83,0,3.44,IN,2022-01-31 02:55:24
559,Los Llanos De Aridane,28.6585,-17.9182,58.75,72,75,8.05,ES,2022-01-31 02:55:25
560,Atbasar,51.8,68.3333,13.41,95,95,11.95,KZ,2022-01-31 02:55:25
561,Suez,29.9737,32.5263,52.34,50,100,6.67,EG,2022-01-31 02:55:26
562,Kodiak,57.79,-152.4072,28.53,80,64,2.1,US,2022-01-31 02:53:16
563,Honiara,-9.4333,159.95,85.33,71,78,4.65,SB,2022-01-31 02:55:26
564,Rakai,-0.72,31.4839,65.21,69,100,1.36,UG,2022-01-31 02:55:27
565,La Asuncion,11.0333,-63.8628,76.73,83,61,9.22,VE,2022-01-31 02:55:20
566,Riyadh,24.6877,46.7219,51.94,45,6,10.02,SA,2022-01-31 02:51:30
567,Yar-Sale,66.8333,70.8333,-3.69,96,92,8.16,RU,2022-01-31 02:55:27
568,Mandurah,-32.55,115.7,81.21,43,52,16.53,AU,2022-01-31 02:55:28
569,Paka,4.6374,103.4368,80.53,83,20,3.44,MY,2022-01-31 02:55:29
570,Hamilton,39.1834,-84.5333,30.42,73,0,4.61,US,2022-01-31 02:50:30
571,Male,4.1748,73.5089,84.15,79,40,10.36,MV,2022-01-31 02:55:30
572,Baijiantan,45.6333,85.1833,4.5,94,88,0.76,CN,2022-01-31 02:55:30
573,Amiens,49.9,2.3,48.7,80,100,23.4,FR,2022-01-31 02:52:46
574,Mount Gambier,-37.8333,140.7667,84.11,51,3,6.91,AU,2022-01-31 02:55:31
575,Ejutla De Crespo,16.5667,-96.7333,64.13,68,90,4.25,MX,2022-01-31 02:55:31
576,Kushima,31.4583,131.2333,51.84,39,1,7.2,JP,2022-01-31 02:55:32
577,Vadso,70.0744,29.7487,7.68,83,57,9.62,NO,2022-01-31 02:55:32
578,Stykkisholmur,65.0757,-22.7297,21.31,63,100,14.36,IS,2022-01-31 02:55:33
579,Sabang,5.8933,95.3214,81.37,76,81,10.22,ID,2022-01-31 02:52:02
580,Kapit,2.0167,112.9333,86.04,65,98,2.06,MY,2022-01-31 02:55:33
581,Izmaylovo,53.7211,47.2458,17.91,96,99,6.42,RU,2022-01-31 02:55:34
582,Half Moon Bay,37.4636,-122.4286,54.97,85,75,1.01,US,2022-01-31 02:55:34
583,Nemuro,43.3236,145.575,18.03,53,13,13.15,JP,2022-01-31 02:55:34
584,Saint-Ambroise,48.5501,-71.3324,4.6,66,85,9.22,CA,2022-01-31 02:55:35
585,Alyangula,-13.8483,136.4192,87.67,79,40,13.8,AU,2022-01-31 02:55:35
586,Boralday,43.3578,76.8594,21.06,100,100,4.47,KZ,2022-01-31 02:55:35
587,Turukhansk,65.8167,87.9833,-1.61,92,99,11.25,RU,2022-01-31 02:55:36
588,Dumai,1.6833,101.45,86.32,63,27,2.86,ID,2022-01-31 02:55:36
589,Tucuma,-0.1833,-50.05,74.19,94,77,4.18,BR,2022-01-31 02:51:04
590,Goderich,43.7501,-81.7165,25.92,73,95,6.91,CA,2022-01-31 02:55:37
591,Kralendijk,12.15,-68.2667,78.22,77,13,13.47,BQ,2022-01-31 02:55:37
592,Port-Gentil,-0.7193,8.7815,80.64,79,96,8.39,GA,2022-01-31 02:55:38
593,Bathsheba,13.2167,-59.5167,77.61,83,40,17.27,BB,2022-01-31 02:55:38
594,Wazirganj,28.2167,79.05,54.14,58,0,0.63,IN,2022-01-31 02:55:38
595,Betanzos,43.2804,-8.2147,45.32,85,0,1.99,ES,2022-01-31 02:55:39
596,Suntar,62.1444,117.6319,-10.12,97,80,4.03,RU,2022-01-31 02:55:39
597,Ransang,8.9603,117.5828,85.26,67,16,3.13,PH,2022-01-31 02:55:40
598,Tinskoy,56.1525,96.9161,-1.35,97,65,1.14,RU,2022-01-31 02:56:40
599,Can Tho,10.0333,105.7833,80.58,78,40,13.8,VN,2022-01-31 02:56:41
600,College,64.8569,-147.8028,-20.99,68,0,0.0,US,2022-01-31 02:56:41
601,Yambio,4.5721,28.3955,65.89,30,79,3.38,SS,2022-01-31 02:56:41
602,Jabinyanah,35.035,10.9081,46.2,43,0,4.99,TN,2022-01-31 02:56:42
603,Salamiyah,35.0113,37.0532,41.97,75,100,2.37,SY,2022-01-31 02:56:42
604,Karla,59.3723,24.9275,25.57,85,100,11.5,EE,2022-01-31 02:56:43
605,Singaraja,-8.112,115.0882,86.97,72,100,5.91,ID,2022-01-31 02:56:43
606,Laguna,38.421,-121.4238,55.9,73,0,3.44,US,2022-01-31 02:55:13
607,Rialma,-15.315,-49.5844,68.9,97,100,2.73,BR,2022-01-31 02:56:44
608,Nautla,20.2167,-96.7833,67.39,86,59,14.76,MX,2022-01-31 02:56:44
609,Ixtapa,20.7,-105.2,66.24,75,1,3.0,MX,2022-01-31 02:56:45
610,Manzhouli,49.6,117.4333,-2.49,82,9,5.08,CN,2022-01-31 02:56:45
611,Paracuru,-3.41,-39.0306,82.42,81,93,11.56,BR,2022-01-31 02:54:03
612,Tomelloso,39.1522,-3.0243,51.51,30,0,3.76,ES,2022-01-31 02:56:45
613,San Quintin,30.4833,-115.95,58.75,72,0,12.93,MX,2022-01-31 02:53:57
614,Rosarito,32.3333,-117.0333,58.21,79,3,5.01,MX,2022-01-31 02:56:46
615,Santona,43.4439,-3.4576,45.91,90,88,4.83,ES,2022-01-31 02:56:46
616,Chara,56.9064,118.2631,-14.08,95,96,0.85,RU,2022-01-31 02:56:47
617,Margate,51.3813,1.3862,46.74,69,50,11.99,GB,2022-01-31 02:56:47
618,Kibala,9.1104,18.3463,64.35,45,0,0.0,TD,2022-01-31 02:56:47
619,Sorland,67.667,12.6934,34.12,63,99,14.88,NO,2022-01-31 02:53:59
620,Sladkovo,55.5284,70.3385,10.44,95,100,8.23,RU,2022-01-31 02:56:48
621,Koshurnikovo,54.1667,93.3,-9.18,91,20,2.66,RU,2022-01-31 02:56:48
622,Samarai,-10.6167,150.6667,84.13,69,100,16.42,PG,2022-01-31 02:56:49
623,Namibe,-15.1961,12.1522,69.84,78,92,5.35,AO,2022-01-31 02:54:18
624,Husavik,66.0449,-17.3389,22.91,64,87,29.42,IS,2022-01-31 02:56:49
625,Khasan,42.4308,130.6434,23.02,39,0,15.28,RU,2022-01-31 02:56:50
626,Yelizovo,53.1873,158.3805,24.94,85,100,7.0,RU,2022-01-31 02:56:50
627,Klaksvik,62.2266,-6.589,32.92,55,98,37.07,FO,2022-01-31 02:56:50
628,Coihueco,-36.6167,-71.8333,66.94,45,1,9.22,CL,2022-01-31 02:56:51
629,Mogocha,53.7333,119.7667,5.04,64,99,5.44,RU,2022-01-31 02:56:51
630,Mananara,-16.1667,49.7667,72.23,89,21,5.57,MG,2022-01-31 02:56:52
631,Reconquista,-29.15,-59.65,74.25,36,0,6.71,AR,2022-01-31 02:56:52
632,Chulman,56.8479,124.9104,-10.95,96,100,5.03,RU,2022-01-31 02:56:53
633,Caramay,10.1815,119.236,82.58,70,64,5.79,PH,2022-01-31 02:56:53
634,Baracoa,20.3467,-74.4958,71.17,84,99,9.91,CU,2022-01-31 02:56:53
635,Chicama,-7.8447,-79.1469,64.94,79,100,5.35,PE,2022-01-31 02:56:54
636,Fochville,-26.4886,27.4939,64.47,97,89,3.85,ZA,2022-01-31 02:56:54
637,Puerto Baquerizo Moreno,-0.9,-89.6,74.26,82,100,9.26,EC,2022-01-31 02:52:46
638,Chapais,49.7834,-74.8492,-9.62,100,91,3.31,CA,2022-01-31 02:56:54
639,Nhamunda,-2.1861,-56.7131,73.26,95,86,1.77,BR,2022-01-31 02:56:55
640,Komsomolets,53.7453,62.0708,21.0,94,82,10.58,KZ,2022-01-31 02:56:55
641,Dzaoudzi,-12.7887,45.2699,76.89,88,0,3.44,YT,2022-01-31 02:56:55
642,Rocha,-34.4833,-54.3333,66.6,84,2,9.48,UY,2022-01-31 02:56:56
643,Kismayo,-0.3582,42.5454,77.0,78,85,14.7,SO,2022-01-31 02:57:56
644,High Level,58.5169,-117.136,-2.09,78,100,16.11,CA,2022-01-31 02:57:57
645,Ambon,-3.6954,128.1814,91.54,55,40,16.11,ID,2022-01-31 02:57:57
646,Bend,44.0582,-121.3153,48.67,46,0,3.0,US,2022-01-31 02:57:38
647,Khagaria,25.5,86.4833,59.14,60,0,3.24,IN,2022-01-31 02:57:57
648,Iracoubo,5.4802,-53.2011,76.33,86,56,11.52,GF,2022-01-31 02:57:58
649,Watertown,42.3709,-71.1828,14.04,75,9,4.47,US,2022-01-31 02:56:53
650,Roscommon,53.6333,-8.1833,41.38,75,60,16.55,IE,2022-01-31 02:57:58
651,Changying,52.8733,123.3213,2.34,73,95,4.7,CN,2022-01-31 02:57:59
652,Campos,-21.75,-41.3,74.26,97,100,4.76,BR,2022-01-31 02:57:59
653,Mpanda,-6.3655,31.0409,65.07,96,100,0.63,TZ,2022-01-31 02:58:00
654,Kolondieba,11.0882,-6.8926,71.74,17,14,5.41,ML,2022-01-31 02:58:00
655,Swan River,52.1058,-101.2676,15.69,79,78,4.61,CA,2022-01-31 02:58:00
656,Vila Velha,-20.3297,-40.2925,80.55,89,20,5.99,BR,2022-01-31 02:58:01
657,Ishigaki,24.3448,124.1572,60.93,67,75,18.41,JP,2022-01-31 02:58:01
658,Shingu,33.7333,135.9833,45.91,32,2,2.46,JP,2022-01-31 02:58:01
659,Flinders,-34.5833,150.8552,88.81,69,32,10.16,AU,2022-01-31 02:58:02
660,Bhaderwah,32.9784,75.7186,41.11,70,86,2.55,IN,2022-01-31 02:58:02
661,Tarija,-21.5355,-64.7296,60.03,93,100,3.53,BO,2022-01-31 02:58:03
662,Takab,36.4009,47.1133,10.47,98,90,2.8,IR,2022-01-31 02:58:03
663,Alofi,-19.0595,-169.9187,80.49,78,100,4.61,NU,2022-01-31 02:58:03
664,Kitoy,52.6,103.9,-12.12,93,100,1.01,RU,2022-01-31 02:58:04
665,Oriximina,-1.7656,-55.8661,73.44,95,92,2.8,BR,2022-01-31 02:58:04
666,Bestobe,52.4994,73.0975,11.86,90,91,14.43,KZ,2022-01-31 02:58:04
667,Tezu,27.9167,96.1667,63.52,35,4,2.01,IN,2022-01-31 02:58:05
668,Puerto Colombia,10.9878,-74.9547,78.89,78,5,21.83,CO,2022-01-31 02:58:05
669,Bani Walid,31.7566,13.9942,46.4,48,0,7.47,LY,2022-01-31 02:58:05
670,Saint-Augustin,51.226,-58.6502,9.23,84,68,17.36,CA,2022-01-31 02:58:06
671,Tawang,27.5833,91.8667,36.61,49,25,2.53,IN,2022-01-31 02:58:06
672,Okhotsk,59.3833,143.3,14.14,76,67,16.73,RU,2022-01-31 02:58:07
673,Kaduqli,11.0167,29.7167,64.06,16,1,11.86,SD,2022-01-31 02:58:07
674,Nishihara,26.1842,127.7558,60.08,59,75,21.85,JP,2022-01-31 02:58:08
675,Florence,43.7667,11.25,49.53,91,100,2.3,IT,2022-01-31 02:57:01
676,Jaca,42.569,-0.5499,42.01,63,0,6.78,ES,2022-01-31 02:58:08
677,Naze,28.3667,129.4833,54.52,54,96,17.47,JP,2022-01-31 02:56:24
678,Ozd,48.2167,20.3,36.88,69,4,10.25,HU,2022-01-31 02:58:08
679,Kathu,7.9178,98.3332,87.62,85,4,8.59,TH,2022-01-31 02:58:09
680,Parker,32.7668,-97.8003,59.79,35,95,1.01,US,2022-01-31 02:58:09
681,Tongliao,43.6125,122.2653,11.08,85,97,5.3,CN,2022-01-31 02:58:09
682,Rock Sound,24.9,-76.2,66.31,64,98,13.02,BS,2022-01-31 02:58:10
683,Wagar,16.1525,36.2032,64.71,73,2,7.92,SD,2022-01-31 02:58:10
684,Klyuchi,52.2667,79.1667,9.75,93,100,8.23,RU,2022-01-31 02:58:11
685,The Pas,53.8251,-101.2541,6.82,85,100,5.75,CA,2022-01-31 02:58:11
686,Egvekinot,66.3167,-179.1667,-0.42,69,40,8.77,RU,2022-01-31 02:58:11
687,Lewistown,40.5992,-77.5714,24.39,93,75,0.0,US,2022-01-31 02:58:12
688,Tadine,-21.55,167.8833,80.76,84,93,14.29,NC,2022-01-31 02:58:12
689,Todos Santos,23.45,-110.2167,71.01,77,65,6.06,MX,2022-01-31 02:58:13
690,Hai Duong,20.9333,106.3167,55.51,79,97,8.66,VN,2022-01-31 02:59:13
